{
	"credit": "Made with Blockbench",
	"parent": "minecraft:block/block",
	"textures": {
		"bushy_2": "block/flowering_azalea_leaves_bushy_2",
		"all": "block/flowering_azalea_leaves",
		"bushy": "block/flowering_azalea_leaves_bushy",
		"particle": "block/flowering_azalea_leaves"
	},
	"elements": [
		{
			"from": [0, 0, 0],
			"to": [16, 16, 16],
			"faces": {
				"north": {"uv": [0, 0, 16, 16], "texture": "#all", "cullface": "north", "tintindex": 0},
				"east": {"uv": [0, 0, 16, 16], "texture": "#all", "cullface": "east", "tintindex": 0},
				"south": {"uv": [0, 0, 16, 16], "texture": "#all", "cullface": "south", "tintindex": 0},
				"west": {"uv": [0, 0, 16, 16], "texture": "#all", "cullface": "west", "tintindex": 0},
				"up": {"uv": [0, 0, 16, 16], "texture": "#all", "cullface": "up", "tintindex": 0},
				"down": {"uv": [0, 0, 16, 16], "texture": "#all", "cullface": "down", "tintindex": 0}
			}
		},
		{
			"from": [8, -7, -7],
			"to": [8, 25, 25],
			"shade": false,
			"rotation": {"angle": 22.5, "axis": "y", "origin": [8, 8, 8]},
			"faces": {
				"east": {"uv": [0, 0, 16, 16], "texture": "#bushy", "cullface": "east", "tintindex": 0},
				"west": {"uv": [0, 0, 16, 16], "texture": "#bushy", "cullface": "west", "tintindex": 0}
			}
		},
		{
			"from": [8, -7, -7],
			"to": [8, 25, 25],
			"shade": false,
			"rotation": {"angle": -22.5, "axis": "y", "origin": [8, 8, 8]},
			"faces": {
				"east": {"uv": [0, 0, 16, 16], "texture": "#bushy_2", "cullface": "east", "tintindex": 0},
				"west": {"uv": [0, 0, 16, 16], "texture": "#bushy_2", "cullface": "west", "tintindex": 0}
			}
		},
		{
			"from": [-7, -7, 8],
			"to": [25, 25, 8],
			"shade": false,
			"rotation": {"angle": 22.5, "axis": "y", "origin": [8, 8, 8]},
			"faces": {
				"north": {"uv": [0, 0, 16, 16], "texture": "#bushy", "cullface": "north", "tintindex": 0},
				"south": {"uv": [0, 0, 16, 16], "texture": "#bushy", "cullface": "south", "tintindex": 0}
			}
		},
		{
			"from": [-7, -7, 8],
			"to": [25, 25, 8],
			"shade": false,
			"rotation": {"angle": -22.5, "axis": "y", "origin": [8, 8, 8]},
			"faces": {
				"north": {"uv": [0, 0, 16, 16], "texture": "#bushy_2", "tintindex": 0},
				"south": {"uv": [0, 0, 16, 16], "texture": "#bushy_2", "tintindex": 0}
			}
		}
	]
}